batch_idx,batch_time_seconds,num_success,num_failed
0,7.58,50,0
1,6.86,50,0
2,7.51,50,0
3,7.16,50,0
4,7.05,50,0
5,8.00,49,1
6,7.72,50,0
7,7.28,50,0
8,7.56,50,0
9,7.46,50,0
10,7.61,50,0
11,6.93,50,0
12,6.85,50,0
13,6.85,50,0
14,6.66,50,0
15,6.07,50,0
16,6.46,50,0
17,6.22,50,0
18,6.50,50,0
19,6.40,50,0
20,6.96,50,0
21,6.62,50,0
22,6.57,50,0
23,6.05,50,0
24,6.42,50,0
25,6.58,50,0
26,6.03,50,0
27,6.53,50,0
28,6.82,50,0
29,7.12,50,0
30,6.86,50,0
31,6.91,50,0
32,6.96,50,0
33,6.90,50,0
34,6.59,50,0
35,6.26,50,0
36,6.80,50,0
37,7.10,50,0
38,7.39,50,0
39,5.76,50,0
40,7.43,50,0
41,6.48,50,0
42,6.28,50,0
43,6.58,50,0
44,6.86,50,0
45,6.30,50,0
46,6.16,50,0
47,6.21,50,0
48,6.43,50,0
49,7.10,50,0
50,7.72,50,0
51,8.17,50,0
52,7.33,50,0
53,8.60,50,0
54,6.81,50,0
55,7.05,50,0
56,6.62,50,0
57,6.58,50,0
58,6.72,50,0
59,6.41,50,0
60,6.50,50,0
61,6.18,50,0
62,6.78,50,0
63,6.47,50,0
64,6.81,50,0
65,6.37,50,0
66,6.86,50,0
67,6.41,50,0
68,6.27,50,0
69,6.49,50,0
70,6.66,50,0
71,7.85,50,0
72,7.22,50,0
73,7.30,50,0
74,7.73,50,0
75,7.85,50,0
76,7.53,50,0
77,6.82,50,0
78,6.69,50,0
79,7.46,50,0
80,7.41,50,0
81,7.58,50,0
82,6.78,50,0
83,6.68,50,0
84,7.24,50,0
85,7.41,50,0
86,6.50,50,0
87,7.31,50,0
88,6.57,50,0
89,6.57,50,0
90,6.46,50,0
91,6.11,50,0
92,6.97,50,0
93,7.98,50,0
94,7.24,50,0
95,6.80,50,0
96,8.97,50,0
97,7.32,50,0
98,6.57,50,0
99,7.19,50,0
100,7.43,50,0
101,7.44,50,0
102,7.77,50,0
103,6.99,50,0
104,6.87,50,0
105,5.86,50,0
106,5.70,50,0
107,5.35,50,0
108,5.19,50,0
109,7.17,50,0
110,6.98,50,0
111,7.34,50,0
112,6.70,50,0
113,7.12,50,0
114,7.15,50,0
115,7.32,50,0
116,7.11,50,0
117,9.60,50,0
118,9.20,50,0
119,9.56,50,0
120,9.23,50,0
121,9.36,50,0
122,9.44,50,0
123,7.35,48,2
124,8.99,50,0
125,8.71,50,0
126,7.00,50,0
127,11.15,50,0
128,6.71,50,0
129,8.42,50,0
130,7.56,50,0
131,7.62,50,0
132,6.98,50,0
133,6.00,50,0
134,6.79,50,0
135,5.99,50,0
136,6.71,50,0
137,7.96,50,0
138,7.97,50,0
139,8.68,50,0
140,8.43,50,0
141,8.57,50,0
142,8.48,50,0
143,8.92,50,0
144,8.71,50,0
145,7.97,50,0
146,8.33,50,0
147,8.15,50,0
148,6.86,50,0
149,7.19,50,0
150,7.38,50,0
151,6.85,50,0
152,7.00,50,0
153,6.54,50,0
154,6.77,50,0
155,7.88,50,0
156,7.79,50,0
157,7.35,50,0
158,7.89,50,0
159,8.08,50,0
160,7.55,50,0
161,6.96,50,0
162,7.17,50,0
163,8.48,50,0
164,8.17,50,0
165,8.28,50,0
166,8.79,50,0
167,7.61,50,0
168,8.74,50,0
169,8.31,50,0
170,8.03,50,0
171,8.51,50,0
172,8.46,50,0
173,8.23,50,0
174,8.25,50,0
175,8.29,50,0
176,8.20,50,0
177,7.47,50,0
178,7.06,50,0
179,6.61,50,0
180,6.52,50,0
181,6.41,50,0
182,6.38,50,0
183,6.71,50,0
184,6.66,50,0
185,6.05,50,0
186,6.20,50,0
187,6.37,50,0
188,6.38,50,0
189,6.06,50,0
190,6.72,50,0
191,5.92,50,0
192,6.08,50,0
193,6.51,50,0
194,6.31,50,0
195,6.95,50,0
196,6.90,50,0
197,6.54,50,0
198,6.93,50,0
199,6.33,50,0
200,5.97,50,0
201,6.00,50,0
202,5.51,50,0
203,5.79,50,0
204,6.32,50,0
205,6.55,50,0
206,5.56,50,0
207,5.99,50,0
208,6.21,50,0
209,6.29,50,0
210,5.95,50,0
211,6.10,50,0
212,5.65,50,0
213,6.20,50,0
214,5.55,50,0
215,6.73,50,0
216,8.04,50,0
217,8.19,50,0
218,8.21,50,0
219,7.61,50,0
220,7.92,50,0
221,7.75,50,0
222,6.92,50,0
223,6.17,50,0
224,6.63,50,0
225,6.83,50,0
226,8.01,50,0
227,7.50,50,0
228,6.92,50,0
229,7.58,50,0
230,7.26,50,0
231,8.08,50,0
232,7.46,50,0
233,8.14,50,0
234,7.03,50,0
235,7.56,50,0
236,7.28,50,0
237,7.13,50,0
238,8.48,50,0
239,8.08,50,0
240,8.00,50,0
241,7.87,50,0
242,7.90,50,0
243,8.27,50,0
244,7.90,50,0
245,7.75,50,0
246,7.94,50,0
247,6.75,50,0
248,6.39,50,0
249,6.67,50,0
250,6.95,50,0
251,7.49,50,0
252,6.49,50,0
253,7.03,50,0
254,6.61,50,0
255,6.26,50,0
256,6.43,50,0
257,5.93,50,0
258,6.28,50,0
259,6.86,50,0
260,6.30,50,0
261,6.27,50,0
262,6.84,50,0
263,6.27,50,0
264,7.00,50,0
265,6.62,50,0
266,6.84,50,0
267,6.30,50,0
268,7.08,50,0
269,6.18,50,0
270,6.64,50,0
271,6.25,50,0
272,6.67,50,0
273,7.03,50,0
274,6.60,50,0
275,6.05,50,0
276,7.09,50,0
277,10.26,50,0
278,9.81,50,0
279,8.55,50,0
280,8.92,50,0
281,8.65,50,0
282,8.90,50,0
283,7.95,50,0
284,7.53,50,0
285,8.05,50,0
286,7.68,50,0
287,7.12,50,0
288,7.65,50,0
289,8.76,50,0
290,9.45,50,0
291,10.22,50,0
292,9.22,50,0
293,8.11,50,0
294,9.22,50,0
295,8.30,50,0
296,9.44,50,0
297,8.19,50,0
298,8.29,50,0
299,8.64,50,0
300,7.83,50,0
301,9.32,50,0
302,9.49,50,0
303,8.29,50,0
304,8.79,50,0
305,8.85,50,0
306,8.76,50,0
307,9.16,50,0
308,7.93,50,0
309,11.58,50,0
310,8.52,50,0
311,9.27,50,0
312,9.98,50,0
313,9.44,50,0
314,7.30,50,0
315,7.73,50,0
316,8.36,50,0
317,13.35,50,0
318,8.13,50,0
319,8.24,50,0
320,8.78,50,0
321,8.54,50,0
322,8.09,50,0
323,8.53,50,0
324,8.50,50,0
325,8.83,50,0
326,9.32,50,0
327,9.54,50,0
328,8.28,50,0
329,8.88,50,0
330,7.41,50,0
331,8.32,50,0
332,7.27,50,0
333,7.26,50,0
334,8.69,50,0
335,7.21,50,0
336,10.14,50,0
337,9.56,50,0
338,9.22,50,0
339,10.10,50,0
340,10.10,50,0
341,10.23,50,0
342,11.57,50,0
343,9.22,50,0
344,9.45,50,0
345,10.05,50,0
346,10.00,50,0
347,10.15,50,0
348,9.91,50,0
349,10.24,50,0
350,9.60,50,0
351,4.90,45,5
352,6.26,35,0
